[真相] 賓果五星,9,Thu Feb 13 11:42:18 2025
[真相] 鈔票一把抓中1500,4,Thu Feb 13 14:09:28 2025
[報牌] 蛇燦年發539,12,Thu Feb 13 17:48:44 2025
[報牌] 虎斑法鬥 39 二合,3,Fri Feb 14 11:10:13 2025
[報牌] 蛇燦年發539,13,Thu Feb 13 17:48:44 2025
[報牌] 39二合,,Fri Feb 14 19:18:03 2025
Re: [新聞] 大樂透春節加碼 加開480組百萬及...,1,Sat Feb 15 01:29:37 2025
[情報] 樂透小常識 (編修:2019/05/01),33,None
[公告] 樂透版版規 2016.08.21,4,Sun Aug 21 23:14:10 2016
Re: [閒聊] 刮刮樂機率分析彙整,8,Sat Jan  4 12:01:30 2025
[報牌] 蛇燦年發539,11,Sun Feb  9 17:01:19 2025
[問題] 請問大樂透掃QR CODE,2,Sun Feb  9 20:38:43 2025
[新聞] 媽在銀行工作幾十年「真看過樂透得主！」,15,Sun Feb  9 21:15:06 2025
[報牌] 虎斑法鬥 39 二合,1,Mon Feb 10 06:30:14 2025
[真相] 賓果三星,23,Mon Feb 10 14:11:58 2025
[報牌] 蛇燦年發539,12,Sun Feb  9 17:01:19 2025
[報牌] 威力彩老朋友,7,Mon Feb 10 19:53:47 2025
[閒聊] 被這期加碼笑爛,9,Mon Feb 10 22:27:01 2025
[討論] 用ai選號有搞頭？,,Tue Feb 11 15:58:56 2025
[報牌] 蛇燦年發539,12,Sun Feb  9 17:01:19 2025
[新聞] 全台台彩兌獎傳當機！　總座證實「交易量,11,Tue Feb 11 18:50:47 2025
[新聞] 刮刮樂中10萬「只給5萬」！土城彩券行道,16,Tue Feb 11 20:25:11 2025
[真相] 祈福開運中1000,4,Wed Feb 12 06:46:28 2025
Re: [新聞] 刮刮樂中10萬「只給5萬」！土城彩券行道,4,Wed Feb 12 10:28:10 2025
[報牌] 蛇燦年發539,11,Sun Feb  9 17:01:19 2025
[報牌] 虎斑法鬥 39 二合,1,Mon Feb 10 06:30:14 2025
[問題] 台彩有出現線上投注功能嗎,8,Thu Feb 13 00:21:52 2025
[報牌] 虎斑法鬥 39 二合,,Mon Feb 10 06:30:14 2025
[報牌] 好運三四星,1,Wed Feb  5 17:35:19 2025
[報牌] 蛇燦年發539,7,Wed Feb  5 18:22:22 2025
[新聞] 新年刮刮樂攻略曝光！1款中獎率100%、達,,Wed Feb  5 21:02:20 2025
[真相] 鈔票一把抓～終於有點回血,14,Thu Feb  6 00:01:57 2025
[討論] 大樂透頭獎得主43位,8,Thu Feb  6 07:03:00 2025
[真相] 賓果5星,4,Thu Feb  6 10:27:38 2025
[討論] 過年刮刮樂賣的不好嗎？,13,Thu Feb  6 12:26:32 2025
[報牌] 蛇燦年發539,6,Wed Feb  5 18:22:22 2025
[報牌] 虎斑法鬥 39 二合,1,Thu Feb  6 18:35:03 2025
[討論] 大樂透加碼戰機,18,Thu Feb  6 19:19:08 2025
[討論] 威力彩9.5億沒人討論？,15,Fri Feb  7 00:39:30 2025
[報牌] 虎斑法鬥 39 二合,13,Thu Feb  6 18:35:03 2025
[報牌] 蛇燦年發539,12,Wed Feb  5 18:22:22 2025
[討論] 舊聞，但是我笑了,3,Sat Feb  8 06:56:19 2025
[報牌] 虎斑法鬥 39 二合,2,Thu Feb  6 18:35:03 2025
[報牌] 蛇燦年發539,18,Wed Feb  5 18:22:22 2025
[報牌] 大年初十一老朋友拜年了啦～,9,Sat Feb  8 17:54:14 2025
[新聞] 過年砸228萬買刮刮樂！竹北吊車大王,6,Sat Feb  8 22:37:55 2025
[報牌] 虎斑法鬥 39 二合,3,Thu Feb  6 18:35:03 2025
[閒聊] 賓果連續68期沒開大,6,Sun Feb  9 16:10:03 2025
[真相] 賓果五星,9,Thu Feb 13 11:42:18 2025
[真相] 鈔票一把抓中1500,4,Thu Feb 13 14:09:28 2025
[報牌] 蛇燦年發539,12,Thu Feb 13 17:48:44 2025
[報牌] 虎斑法鬥 39 二合,3,Fri Feb 14 11:10:13 2025
[報牌] 蛇燦年發539,13,Thu Feb 13 17:48:44 2025
[報牌] 39二合,,Fri Feb 14 19:18:03 2025
Re: [新聞] 大樂透春節加碼 加開480組百萬及...,4,Sat Feb 15 01:29:37 2025
[報牌] 虎斑法鬥 39 二合,1,Fri Feb 14 11:10:13 2025
[報牌] 39二合,,Fri Feb 14 19:18:03 2025
[情報] 樂透小常識 (編修:2019/05/01),33,None
[公告] 樂透版版規 2016.08.21,4,Sun Aug 21 23:14:10 2016
Re: [閒聊] 刮刮樂機率分析彙整,8,Sat Jan  4 12:01:30 2025
[真相] 賓果五星,9,Thu Feb 13 11:42:18 2025
[真相] 鈔票一把抓中1500,4,Thu Feb 13 14:09:28 2025
[報牌] 蛇燦年發539,12,Thu Feb 13 17:48:44 2025
[報牌] 虎斑法鬥 39 二合,3,Fri Feb 14 11:10:13 2025
[報牌] 蛇燦年發539,13,Thu Feb 13 17:48:44 2025
[報牌] 39二合,,Fri Feb 14 19:18:03 2025
Re: [新聞] 大樂透春節加碼 加開480組百萬及...,4,Sat Feb 15 01:29:37 2025
[報牌] 虎斑法鬥 39 二合,1,Fri Feb 14 11:10:13 2025
[報牌] 39二合,,Fri Feb 14 19:18:03 2025
[情報] 樂透小常識 (編修:2019/05/01),33,None
[公告] 樂透版版規 2016.08.21,4,Sun Aug 21 23:14:10 2016
Re: [閒聊] 刮刮樂機率分析彙整,8,Sat Jan  4 12:01:30 2025
[報牌] 蛇燦年發539,11,Sun Feb  9 17:01:19 2025
[問題] 請問大樂透掃QR CODE,2,Sun Feb  9 20:38:43 2025
[新聞] 媽在銀行工作幾十年「真看過樂透得主！」,15,Sun Feb  9 21:15:06 2025
[報牌] 虎斑法鬥 39 二合,1,Mon Feb 10 06:30:14 2025
[真相] 賓果三星,23,Mon Feb 10 14:11:58 2025
[報牌] 蛇燦年發539,12,Sun Feb  9 17:01:19 2025
[報牌] 威力彩老朋友,7,Mon Feb 10 19:53:47 2025
[閒聊] 被這期加碼笑爛,9,Mon Feb 10 22:27:01 2025
[討論] 用ai選號有搞頭？,,Tue Feb 11 15:58:56 2025
[報牌] 蛇燦年發539,12,Sun Feb  9 17:01:19 2025
[新聞] 全台台彩兌獎傳當機！　總座證實「交易量,11,Tue Feb 11 18:50:47 2025
[新聞] 刮刮樂中10萬「只給5萬」！土城彩券行道,16,Tue Feb 11 20:25:11 2025
[真相] 祈福開運中1000,4,Wed Feb 12 06:46:28 2025
Re: [新聞] 刮刮樂中10萬「只給5萬」！土城彩券行道,4,Wed Feb 12 10:28:10 2025
[報牌] 蛇燦年發539,11,Sun Feb  9 17:01:19 2025
[報牌] 虎斑法鬥 39 二合,1,Mon Feb 10 06:30:14 2025
[問題] 台彩有出現線上投注功能嗎,8,Thu Feb 13 00:21:52 2025
[報牌] 虎斑法鬥 39 二合,,Mon Feb 10 06:30:14 2025
